Content,Video title,Video publish time,Duration,Views,Watch time (hours),Subscribers,Estimated revenue (USD),Impressions,Impressions click-through rate (%)
Total,,,,598535,3795.4314,477,12.857,44156,4.25
0nDHC-5Z5O0,"–ü–æ—Å—Ç—É–ø–æ–∫, –∫–æ—Ç–æ—Ä—ã–π —Å–ø–∞—Å –∂–∏–∑–Ω—å –±–µ–∑–¥–æ–º–Ω–æ–º—É","Jul 1, 2025",44,354581,2192.0568,250,4.978,658,1.06
wsRrXdNc7EY,–ù–∞–ø—Ä—è–∂–µ–Ω–∏–µ –º–µ–∂–¥—É –†–æ—Å—Å–∏–µ–π –∏ –ê–∑–µ—Ä–±–∞–π–¥–∂–∞–Ω–æ–º –Ω–∞—Ä–æ—Å—Ç–∞–µ—Ç,"Jul 1, 2025",50,64886,454.544,14,2.184,3536,3.68
M45Cp6m-FeU,–û—Ö–æ—Ç–∞ –Ω–∞ –ê–∑–µ—Ä–±–∞–π–¥–∂–∞–Ω—Ü–µ–≤ –≤ –†–æ—Å—Å–∏–∏ –Ω–∞—á–∞–ª–∞—Å—åü§Ø,"Jul 2, 2025",52,29115,233.0549,19,0.98,318,8.81
X8UrGMy1ZAM,–û–ù –ü–ò–õ –í–û–î–£ 60 –ß–ê–°–û–í –ü–û–î–†–Ø–î,"Jul 1, 2025",35,24526,147.3452,181,0.616,502,2.99
CzwZygCARD4,–°–ü–ê–° –ñ–ò–ó–ù–¨ –°–í–û–ï–ú–£ –ë–†–ê–¢–£,"Jul 1, 2025",32,23464,126.5109,31,0.599,273,2.56
RuRhAtik0bY,"–°–¥–µ—Ä–∂–∞–ª —Å–ª–æ–≤–æ, –∫–æ—Ç–æ—Ä–æ–µ –¥–∞–ª –ø–æ–∫–æ–π–Ω–æ–π –∂–µ–Ω–µ","Jul 2, 2025",45,21593,168.9619,35,0.769,401,1
KrceGd5tLsA,–î—Ä—É–∂–±–∞ –ú–∞–ª—å—á–∏–∫–∞ –∏ –û–±–µ–∑—å—è–Ω —É–¥–∏–≤–∏–ª–∞ –≤–µ—Å—å –º–∏—Ä!,"Jul 2, 2025",47,20638,171.0994,34,0.831,477,4.82
w_Wx8PWawX4,"–í —Å–µ—Ç–∏ —Ö–∞–π–ø–∞–Ω—É–ª –ø—ë—Å, –∫–æ—Ç–æ—Ä—ã–π –ø–æ–¥—Ä—É–∂–∏–ª—Å—è —Å –≤–æ—Ä–æ–º, –æ–±–Ω–æ—Å–∏–≤—à–∏–º –µ–≥–æ –¥–æ–º.","Jun 30, 2025",24,13353,49.7541,4,0.431,381,3.94
O5Rx-I2yOtQ,–ü–æ—á–µ–º—É —Å–∏—Ç—É–∞—Ü–∏—è –º–µ–∂–¥—É –†–æ—Å—Å–∏–µ–π –∏ –ê–∑–µ—Ä–±–∞–π–¥–∂–∞–Ω–æ–º —Å—Ç–∞–ª–∞ –æ–ø–∞—Å–Ω–æ–π?,"Jul 2, 2025",58,12441,92.6412,12,0.357,6925,5.27
3yiHDA3APqc,–ß—Ç–æ –ø—Ä–æ–∏—Å—Ö–æ–¥–∏—Ç –º–µ–∂–¥—É –†–æ—Å—Å–∏–µ–π –∏ –ê–∑–µ—Ä–±–∞–π–¥–∂–∞–Ω–æ–º —Å–µ–π—á–∞—Å?,"Jun 30, 2025",46,6112,34.7409,3,0.183,2876,4.45
63VOGBdL4Xg,"–û–ë–ú–ê–ù –ó–†–ï–ù–ò–Ø, –∫–æ—Ç–æ—Ä—ã–π –≤–∞—Å —É–¥–∏–≤–∏—Ç","Jun 30, 2025",6,5321,6.6514,0,0.09,148,0.68
xBOTxuM3bfg,–î–æ–≥–æ–≤–æ—Ä–Ω—è–∫ –Ω–µ–∏–∑–±–µ–∂–µ–Ω  –ê–Ω–∞–ª–∏–∑ —Å–∏—Ç—É–∞—Ü–∏–∏ –≤ –£–∫—Ä–∞–∏–Ω–µ,"May 13, 2025",13,4479,8.5493,0,0.1,216,0.93
fmYiWVgooJw,–û–ù –í–´–ñ–ò–õ –í –ê–í–ò–ê–ö–ê–¢–ê–°–¢–†–û–§–ï,"Jul 1, 2025",38,3641,16.4349,1,0.105,278,1.44
1EtZLbsuNbI,–ü–û–ß–ï–ú–£ –¢–ò–ö–¢–û–ö –ù–ê–ß–ê–õ –ü–õ–ê–¢–ò–¢–¨ –ó–ê –ü–†–û–°–ú–û–¢–†–´ –í 2024 –ì–û–î–£?,"Sep 5, 2024",47,3623,21.4337,4,0.133,18331,5.36
V3cJca8Qu9I,–ë–†–ò–¢–ê–ù–°–ö–ò–ï –í–õ–ê–°–¢–ò –û–ë–î–ï–õ–ê–õ–ò–°–¨ (—á—É—Ç—å-—á—É—Ç—å),"Jun 30, 2025",22,1464,3.7355,1,0.051,184,1.09
C-yfIetHNWg,"–ü–µ—Ä–µ–≥–æ–≤–æ—Ä—ã –£–∫—Ä–∞–∏–Ω—ã –∏ –†–æ—Å—Å–∏–∏, –¢—Ä–∞–º–ø –≤ –°—Ç–∞–º–±—É–ª–µ, –°—Ü–µ–Ω–∞—Ä–∏–∏","May 13, 2025",95,1431,12.9051,0,0.052,184,0
diEsoksmuqw,–ù–û–í–ê–Ø –û–ü–ê–°–ù–ê–Ø –ò–ì–†–ê –°–†–ï–î–ò –ü–û–î–†–û–°–¢–ö–û–í,"Jun 30, 2025",68,1301,10.1251,0,0.039,131,3.05
yfFIJP_KK0k,–î–æ –ø–æ—è–≤–ª–µ–Ω–∏—è –±—É–¥–∏–ª—å–Ω–∏–∫–æ–≤ - –∫–∞–∫ –ª—é–¥–∏ –ø—Ä–æ—Å—ã–ø–∞–ª–∏—Å—å?,"Jul 7, 2025",24,1097,4.4225,0,,11,0
zVvaG4fpbzc,"""–ú–∞–π–¥–∞–Ω"" –≤ –°–µ—Ä–±–∏–∏! –°—Ç—É–¥–µ–Ω—Ç—ã –≤—ã—à–ª–∏ –Ω–∞ —É–ª–∏—Ü—É. –ß—Ç–æ –ø—Ä–æ–∏—Å—Ö–æ–¥–∏—Ç?","Jun 30, 2025",62,1021,5.6862,0,0.03,365,3.29
 -HIToiQlv54,–ü–µ—Ä–µ–≥–æ–≤–æ—Ä—ã –†–æ—Å—Å–∏–∏ –∏ –£–∫—Ä–∞–∏–Ω—ã  –≠—Ä–¥–æ–≥–∞–Ω –°–≤–æ–¥–∏—Ç –¢—Ä–∞–º–ø–∞ –∏ –ü—É—Ç–∏–Ω–∞,"May 13, 2025",33,944,3.0049,1,0.022,252,0.4
dFbarn317Mw,"–¢—Ä–∞–º–ø, –†–æ—Å—Å–∏—è, –£–∫—Ä–∞–∏–Ω–∞ - –°–≥–æ–≤–æ—Ä? –ß—Ç–æ –ø—Ä–æ–∏—Å—Ö–æ–¥–∏—Ç?","May 13, 2025",29,839,3.0803,0,0.029,200,0
K7u1YST3vs0,"–û–Ω —Å–ø–∞—Å —Ä–µ–±–µ–Ω–∫–∞, –∫–æ–≥–¥–∞ –Ω–∏–∫—Ç–æ –Ω–µ –º–æ–≥ —ç—Ç–æ–≥–æ —Å–¥–µ–ª–∞—Ç—å","Jul 7, 2025",46,732,4.0916,1,,13,7.69
fSpjQa6NseA,"–≠—Ç–æ—Ç –ø–∞—Ä–µ–Ω—å –ø–æ—Å—Ç—Ä–æ–∏–ª –¥–æ–º, –∫–æ—Ç–æ—Ä—ã–π –≤—Å—ë –¥–µ–ª–∞–µ—Ç –∑–∞ –Ω–µ–≥–æ!","Jul 7, 2025",55,727,5.1852,,,7,0
ohfAFobI_lU,–ö–ê–ö –ó–ê–†–ê–ë–û–¢–ê–¢–¨ –ù–ê –ú–û–ù–ï–¢–ò–ó–ê–¶–ò–ò –¢–ò–ö–¢–û–ö? | –ó–∞—Ä–∞–±–æ—Ç–æ–∫ –¥–µ–Ω–µ–≥ –≤ –∏–Ω—Ç–µ—Ä–Ω–µ—Ç–µ 2024,"Aug 31, 2024",354,118,7.12,1,0.164,435,7.82
9wVE7sBxcg4,–û–±–º–µ–Ω –∏–ª–∏ –ú–∏—Ä?  –†–µ–∞–ª—å–Ω–∞—è –¶–µ–Ω–∞ –°—Ç–∞–±–∏–ª—å–Ω–æ—Å—Ç–∏,"May 13, 2025",13,57,0.0773,0,0.001,260,2.69
j89f27yp0Us,–ü–û–ß–ï–ú–£ –ú–ï–ù–Ø –í–´–ì–ù–ê–õ–ò –ò–ó –î–†–ò–ú –¢–ò–ú | –í–°–Ø –ü–†–ê–í–î–ê –ü–†–û –û–ë–ú–ê–ù –û–¢ –ë–´–í–®–ï–ì–û –£–ß–ê–°–¢–ù–ò–ö–ê,"Aug 22, 2023",913,48,4.76,0,0.046,812,4.8
K2mSu5nuuYg,–†–ï–ê–ö–¶–ò–Ø –ù–ê –ò–ù–¢–ï–†–í–¨–Æ –ê–†–¢–£–†–ê –ë–ê–ë–ò–ß–ê –û–¢ –ë–´–í–®–ï–ì–û –£–ß–ê–°–¢–ù–ò–ö–ê DREAM TEAM,"Sep 12, 2024",960,34,3.2417,0,0.033,485,6.39
aTLFK6DDTb4,–ù–û–í–ê–Ø –ù–ï–ô–†–û–°–ï–¢–¨ –û–¢ –ò–õ–û–ù–ê –ú–ê–°–ö–ê - Grok 3,"Feb 17, 2025",44,29,0.2039,0,0.001,234,0.85
YPLQOkBgmR8,–ú–£–ñ –ó–ê–°–¢–ê–õ –ñ–ï–ù–£ –ó–ê –ò–ó–ú–ï–ù–û–ô –ò –†–ï–®–ò–õ –û–¢–û–ú–°–¢–ò–¢–¨ ü§Ø,"Jan 30, 2025",94,27,0.1439,0,0.001,214,2.34
9gYjnbRXnOg,"–£—á—ë–Ω—ã–µ –≤—ã—è—Å–Ω–∏–ª–∏ —á—Ç–æ –ø—Ä–æ–∏—Å—Ö–æ–¥–∏—Ç –ø–æ—Å–ª–µ —Å–º–µ—Ä—Ç–∏ü§Ø –ß–∞—Å—Ç—å 1, –ü—Ä–æ–¥—É?ü§Ø","Aug 25, 2024",61,24,0.177,0,0.001,125,3.2
QwrldXCq1K4,–í–æ–π–Ω–∞ –≤ –£–∫—Ä–∞–∏–Ω–µ - –ö–æ–≥–¥–∞ –∑–∞–∫–æ–Ω—á–∏—Ç—Å—è?  –ü–µ—Ä–µ–≥–æ–≤–æ—Ä—ã –Ω–µ –∑–∞ –≥–æ—Ä–∞–º–∏!,"May 13, 2025",20,24,0.0316,0,0,128,0.78
xDTa9dEUwHE,–ó–ï–õ–ï–ù–°–ö–ò–ô –ò –¢–†–ê–ú–ü: –ü–ï–†–ï–ü–ê–õ–ö–ê –∏ –°–°–û–†–ê –í –ü–†–Ø–ú–û–ú –≠–§–ò–†–ï,"Feb 28, 2025",94,15,0.1601,0,0,118,0
PcPtFTq0ToA,–ü–ï–†–ï–ì–û–í–û–†–´ –í –°–¢–ê–ú–ë–£–õ–ï –ò–ó–ú–ï–ù–Ø–¢ –í–°–Å?,"May 13, 2025",249,10,0.0404,0,0.002,152,1.32
u8DprNQTzg0,–û–ù –†–ï–®–ò–õ –ò–ó–ë–ê–í–ò–¢–¨–°–Ø –û–¢ –ü–†–û–ë–õ–ï–ú–ù–û–ô –†–û–î–ò–ù–ö–ò  ü§Ø,"Jan 30, 2025",68,8,0.0946,0,0,48,2.08
4W6scAt4XsQ,–≠–¢–ê –°–û–ë–ê–ö–ê –°–¢–ê–õ–ê –ò–ó–í–ï–°–¢–ù–û–ô –í–û –í–°–ï–ú –ú–ò–†–ïü§Ø,"Feb 5, 2025",61,7,0.062,0,0.001,74,0
qBizofDcS0Q,–ù–ï–£–î–ê–ß–ù–ê–Ø –ü–ê–†–ö–û–í–ö–êüòÅ,"Feb 5, 2025",16,7,0.0204,0,0.001,85,0
x7t-c59Ts9A,–õ—É—á—à–∏–π –∫–æ—Å–ø–ª–µ–π #shorts,"Aug 9, 2022",20,7,0.0182,0,0,54,5.56
BOLdSEwzVBI,–ü–û–ß–ï–ú–£ –¢–ò–ö–¢–û–ö –ù–ê–ß–ê–õ –ü–õ–ê–¢–ò–¢–¨ –ó–ê –ü–†–û–°–ú–û–¢–†–´ –í 2024 –ì–û–î–£?ü§Ø,"Sep 5, 2024",54,6,0.043,0,,32,6.25
E1Lcvxnh6ms,–°–´–ù –ì–ï–†–û–Ø: –ü–û–õ–ò–¶–ò–Ø –ì–û–†–†–î–ê –û–¢–î–ê–ï–¢ –ß–ï–°–¢–¨ü§Ø,"Jan 29, 2025",40,6,0.0249,0,0,67,1.49
JTt1XX_WlPA,–ü–û–°–¢–£–ü–û–ö –ü–û–õ–ò–¶–ï–ô–°–ö–û–ì–û –°–î–ï–õ–ê–õ –ï–ì–û –ò–ó–í–ï–°–¢–ù–´–ú –í–û –í–°–ï–ú –ú–ò–†–ï,"Feb 3, 2025",35,6,0.0447,0,0.001,65,1.54
n6w7XMbGN7c,–†–∞–∑–æ–±–ª–∞—á–µ–Ω–∏–µ Dream Team,"Aug 22, 2023",30,6,0.027,0,0,38,2.63
1G5AJGoSi1A,–°–û–¶–ò–ê–õ–¨–ù–´–ô –≠–ö–°–ü–ï–†–ò–ú–ï–ù–¢ –£–î–ò–í–ò–õ –í–ï–°–¨ –ú–ò–†ü§Ø,"Feb 3, 2025",44,5,0.0279,0,0,84,1.19
6UpZ2Iu4DtY,–†–ï–ê–ö–¶–ò–Ø –ö–û–®–ö–ò –£–î–ò–í–ò–õ–ê –í–ï–°–¨ –ú–ò–†ü§Ø,"Feb 5, 2025",51,5,0.0339,0,0,68,0
8-mNloyy7as,–ü–û–î–†–û–°–¢–ö–ò –£–ì–ù–ê–õ–ò –ú–ï–¢–†–ûü§Ø,"Jan 31, 2025",30,5,0.0274,0,0.001,50,0
B7BL-f8Gug0,–£–î–ò–í–ò–¢–ï–õ–¨–ù–û–ï –ù–ê–ë–õ–Æ–î–ï–ù–ò–ïü§Ø,"Jan 28, 2025",35,5,0.022,0,0,50,0
Dfx0-mQU5FQ,–ü–û–ß–ï–ú–£ –¢–ò–ö–¢–û–ö –ù–ê–ß–ê–õ –ü–õ–ê–¢–ò–¢–¨ –ó–ê –ü–†–û–°–ú–û–¢–†–´ 2024,"Sep 6, 2024",45,5,0.0258,0,0,34,0
HFH4riVDCns,–í–ï–†–ò–ú –°–ò–ú–°–û–ù–ê–ú?,"Feb 11, 2025",45,5,0.0187,0,0,88,0
QhlDS7rpbxc,–ü–û–í–ï–î–ï–ù–ò–ï –ú–ï–î–í–ï–î–Ø –£–î–ò–í–ò–õ–û –í–ï–°–¨ –ú–ò–†ü§Ø,"Jan 31, 2025",41,5,0.0373,0,0.001,55,0
htllQU34Fmo,–ï–ì–û –°–ú–ï–õ–û–°–¢–¨ –£–î–ò–í–ò–õ–ê –í–ï–°–¨ –ú–ò–†ü§Ø,"Jan 31, 2025",43,5,0.0253,0,0,52,0
kFG7TkxJ1hY,–û–ù –ù–ï –ó–ù–ê–õ –û –°–í–û–ò–• –£–î–ò–í–ò–¢–ï–õ–¨–ù–´–• –°–ü–û–°–û–ë–ù–û–°–¢–Ø–• ü§Ø,"Jan 30, 2025",137,5,0.0351,0,,49,0
tOYk5hQiCy8,–≠–¢–û  –í–ò–î–ï–û –ò–ó–ú–ï–ù–ò–¢ –¢–í–û–Æ –ñ–ò–ó–ù–¨ü§Ø,"Aug 31, 2024",17,5,0.0074,0,0,30,6.67
tYHa8prGYwM,–¢—Ä–∞–º–ø —Å—Ç—Ä–µ–º–∏—Ç—Å—è –∑–∞–≤–µ—Ä—à–∏—Ç—å –≤–æ–π–Ω—É –≤ –£–∫—Ä–∞–∏–Ω–µ –∫ –ü–∞—Å—Ö–µ?,"Feb 17, 2025",83,5,0.0096,0,0,115,0
uz1asxkFVOw,–ü–ê–†–ï–ù–¨ –°–ò–ê–õ –ì–ï–†–û–ï–ú –ò –ü–†–û–°–õ–ê–í–ò–õ–°–Ø –ù–ê –í–ï–°–¨ –ú–ò–†,"Feb 5, 2025",55,5,0.0591,0,0,74,0
8tmyAKUUC0I,–ú–∞–ª—å—á–∏–∫ —É–¥–∏–≤–∏–ª –≤–µ—Å—å –º–∏—Äü§Ø,"Jan 29, 2025",60,4,0.0343,0,0,39,0
9UCQ5kEudjo,–ü–ï–†–ï–ì–û–í–û–†–´ –£–ñ–ï –ó–ê–í–¢–†–ê‚ùóÔ∏è#—Ç—Ä–∞–º–ø #—É–∫—Ä–∞–∏–Ω–∞ #—Ä–æ—Å—Å–∏—è,"Feb 17, 2025",37,4,0.0014,0,,92,0
Fn40QwLVbFQ,–≠—Ç–æ—Ç —Å—é—Ä–ø—Ä–∏–∑ –¥–ª—è –∫—É—Ä—å–µ—Ä–∞ —É–¥–∏–≤–∏–ª –≤–µ—Å—å –º–∏—Äü§Ø,"Feb 3, 2025",39,4,0.0214,0,0,75,0
JUHU8D0YzlU,–¢–†–ê–ú–ü–ê –°–õ–ò–õ–ò?,"Feb 17, 2025",44,4,0.0341,0,0,91,1.1
JtuwjqVC2Z0,–†–∞–∑–æ–±–ª–∞—á–µ–Ω–∏–µ Dream Team,"Aug 22, 2023",30,4,0.0108,0,,80,0
dD14CGhV7us,–ï—ë –ø—Ä–µ–æ–±—Ä–∞–∂–µ–Ω–∏–µ —à–æ–∫–∏—Ä–æ–≤–∞–ª–æ –≤–µ—Å—å –º–∏—Äü§Ø,"Jan 29, 2025",69,4,0.0367,0,0,36,0
wNRViBPa2j8,–ú–ê–õ–¨–ß–ò–ö –£–î–ò–í–ò–õ –°–ï–ú–¨–Æ –ò –í–ï–°–¨ –ú–ò–†ü§Ø,"Jan 29, 2025",39,4,0.026,0,0,49,2.04
xZvQVyXCo9w,–° –ú–ê–õ–¨–ß–ò–ö–û–ú –ù–ê–ß–ê–õ–ò –ü–†–û–ò–°–•–û–î–ò–¢–¨ –£–î–ò–í–ò–¢–ï–õ–¨–ù–´–ï –í–ï–©–ò ü§Ø,"Jan 30, 2025",77,4,0.0175,0,,39,0
 -HLkVxzBD38,–ì–µ—Ä–æ–π —Å–ø–∞—Å –º–∞–ª–µ–Ω—å–∫—É—é –¥–µ–≤–æ—á–∫—É –≤ –ø—Ä–æ–±–∫–µü§Ø,"Jan 29, 2025",42,3,0.0084,0,0,49,0
3ks07IcWMbA,–°–û–ë–ê–ö–ê –ò–ó–í–ò–ù–ò–õ–ê–°–¨ –ü–ï–†–ï–î –í–ï–¢–ï–†–ò–ù–ê–†–û–úü§Ø,"Jan 28, 2025",33,3,0.019,0,0,34,2.94
6fc8liu6BCQ,"–û–Ω –ø–æ–º–æ–≥ —Å–æ–ø–µ—Ä–Ω–∏–∫—É, —Ö–æ—Ç—è –Ω–µ –¥–æ–ª–∂–µ–Ω –±—ã–ªü§Ø","Jan 29, 2025",47,3,0.0127,0,,41,0
B3Zg4xVefOI,–£–ù–ò–ö–ê–õ–¨–ù–ê–Ø –°–û–ë–ê–ö–ê –ó–ê–í–ò–†–£–°–ò–õ–ê–°–¨ –í –ò–ù–¢–ï–†–ù–ï–¢–ïü§Ø,"Feb 3, 2025",38,3,0.0142,0,0,66,0
hlDe9wYW770,–ö–ò–¢–ê–ô–°–ö–£–Æ –ú–ê–®–ò–ù–£ –†–ê–ó–û–†–í–ê–õ–ò –í –°–ù–ï–ì–£ü§Ø,"Jan 31, 2025",23,3,0.0144,0,0,50,0
lscvEZNfubs,"–û–ù –†–ï–®–ò–õ –£–î–û–ß–ï–†–ò–¢–¨ 3 –î–ï–í–û–ß–ï–ö, –ü–†–û–î–û–õ–ñ–ï–ù–ò–ï –®–û–ö–ò–†–û–í–ê–õ–û –í–°–ï–•!","Jan 30, 2025",61,3,0.0347,0,0,39,0
oL8OBfLAf9A,–û–ù –°–î–ï–õ–ê–ï–¢ –¢–†–ê–ú–ü–ê –ü–†–ï–ó–ò–î–ï–ù–¢–û–úü§Ø,"Oct 30, 2024",60,3,0.0166,0,,32,0
v5NHLGi2ZXE,–ö–∞–∫ –≤–∞–º —Ç–∞–∫–∏–µ ¬´–æ—Ç–Ω–æ—à–µ–Ω–∏—è¬ª?ü§Ø,"Feb 3, 2025",90,3,0.0374,0,0,57,0
vJju_BmIf9M,14 —Ñ–µ–≤—Ä–∞–ª—è –∏–∑–º–µ–Ω–∏—Ç—Å—è –≤—Å–µ?ü§Ø,"Feb 5, 2025",45,3,0.0202,0,,84,0
wO_m0iOvNQk,–≠–¢–û –ü–†–û–°–¢–û –ù–ï–ß–¢–ûü§Ø,"Aug 29, 2024",57,3,0.0166,0,0,24,0
wYydNb231So,–ö–ò–¢–ê–ï–¶ –ó–ê–†–ê–ë–ê–¢–´–í–ê–ï–¢ –ù–ê –†–£–°–°–ö–ò–• –°–¢–£–î–ï–ù–¢–ö–ê–•,"Feb 3, 2025",59,3,0.0406,0,0,65,0
14r8QaGzYcA,–ß—Ç–æ –ø—Ä–æ–∏–∑–æ—à–ª–æ –∑–∞ –ø–æ—Å–ª–µ–¥–Ω–∏–µ 24 —á–∞—Å–∞ü§Ø,"Feb 5, 2025",99,2,0.0166,0,0,83,0
58Ruii0U0Lw,–ú—É–¥ #shorts,"Aug 9, 2022",10,2,0.0005,0,,9,0
7fW5LD8sQEE,–ö–ê–ö –ü–û–ë–û–†–û–¢–¨ –õ–ï–ù–¨ü§Ø,"Aug 29, 2023",32,2,0.0001,0,,5,0
A_vk8KS5XZM,–ï—ë –ø—Ä–µ–æ–±—Ä–∞–∂–µ–Ω–∏–µ —à–æ–∫–∏—Ä–æ–≤–∞–ª–æ –≤–µ—Å—å –º–∏—Äü§Ø,"Jan 29, 2025",67,2,0.0135,0,0,40,0
KMKTQDL3UCU,–ü—Ä–æ–¥–æ–ª–∂–∞—Ç—å —ç—Ç—É –∏—Å—Ç–æ—Ä–∏—é?ü§Ø,"Sep 7, 2024",58,2,0.0015,0,0,28,3.57
QEEBadUh5kM,–° —á–µ–≥–æ –Ω–∞—á–∞—Ç—å —Å–∞–º–æ—Ä–∞–∑–≤–∏—Ç–∏–µ –≤ 16 –ª–µ—Ç,"Sep 7, 2023",460,2,0.2523,0,0.005,140,0.71
QzpKsJx-t7g,–î–û–°–ú–û–¢–†–ò –î–û –ö–û–ù–¶–êü§Ø,"Aug 27, 2024",60,2,0.0014,0,,13,0
Tvnk92laCLU,–≠–ö–°–¢–†–ï–ú–ê–õ –ü–ï–†–ï–ù–û–ß–ï–í–ê–õ –í –î–ñ–£–ù–ì–õ–Ø–• –ê–ú–ê–ó–û–ù–ö–òü§Ø,"Aug 28, 2024",35,2,0.001,0,,78,0
XADZmtZsjdg,–ü–ï–†–í–´–ô –¢–ï–õ–ï–ü–û–†–¢ –í –ú–ò–†–ïü§Ø,"Oct 31, 2024",60,2,0.0137,0,,32,3.13
YCkib9_bjag,–ï–©–Å –û–î–ù–ê –ù–ï–í–ï–†–û–Ø–¢–ù–ê–Ø –ù–ï–ô–†–û–°–ï–¢–¨ –û–¢ –ö–ò–¢–ê–ô–¶–ï–íü§Ø,"Jan 30, 2025",54,2,0.012,0,,41,0
aGxqAVVw_ao,–°–ê–ú–û–õ–ï–¢ –ò–°–ß–ï–ó –ù–ê 40 –õ–ï–¢ –ò –í–ù–ï–ó–ê–ü–ù–û –í–ï–†–ù–£–õ–°–Ø,"Jan 30, 2025",64,2,0.0021,0,,48,0
auYtNk_E4Ew,–ü–û–ß–ï–ú–£ –¢–ò–ö–¢–û–ö –ù–ê–ß–ê–õ –ü–õ–ê–¢–ò–¢–¨ –ó–ê –ü–†–û–°–ú–û–¢–†–´ 2024,"Sep 6, 2024",56,2,0.0228,0,0,29,3.45
fLCMv0RzpcU,–ö–∞–∫ —ç—Ç–æ —Ä–∞–±–æ—Ç–∞–µ—Ç? #shorts,"Aug 9, 2022",16,2,0.0001,0,,10,0
h53BCBh0CiA,–û–ß–ï–†–ï–î–ù–û–ï –ö–†–£–®–ï–ù–ò–ï –°–ê–ú–û–õ–ï–¢–êü§Ø,"Jan 30, 2025",55,2,0.0257,0,,41,2.44
l2XDO2UuXks,–ö–ê–ö –ü–û–ë–û–†–û–¢–¨ –õ–ï–ù–¨ü§Ø,"Aug 29, 2023",30,2,0.008,0,,6,0
rM9wVAcGHoo,–ü–∞–≤–µ–ª –î—É—Ä–æ–≤ –∑–∞–¥–µ—Ä–∂–∞–Ω –≤–æ –§—Ä–∞–Ω—Ü–∏–∏üî•,"Aug 24, 2024",59,2,0.0144,0,0,35,0
tAoO_i78AWg,–ö–ê–ù–¨–ï –£–≠–°–¢ –ó–ù–ê–õ –û –í–ï–ß–ï–†–ò–ù–ö–ê–• –ü–ò –î–ò–î–ò,"Sep 27, 2024",57,2,0.0026,0,,38,0
tndFHUjXgDw,–ü—Ä–æ–¥—É?ü§Ø,"Aug 23, 2024",61,2,0.0177,0,0,26,0
u0SoUH3ME9c,–≠–¢–ê –ò–°–¢–û–†–ò–Ø –ü–û–†–ê–ó–ò–õ–ê –í–ï–°–¨ –ú–ò–†ü§Ø,"Jan 31, 2025",54,2,0.0033,0,,48,0
u12cuHWQkuk,–ú–û–ô –û–¢–í–ï–¢ –ù–ê –ò–ù–¢–ï–†–í–¨–Æ –ë–ê–ë–ò–ß–ê TatarkaFM,"Sep 13, 2024",29,2,0.01,0,,29,0
xC3TgxeYrFY,–¢–ï–õ–ï–ì–†–ê–ú–ú –î–ï–õ–ê–ï–¢ –°–í–û–ô –®–û–†–¢–°ü§Ø,"Sep 26, 2024",37,2,0.0016,0,,33,0
yZPXA-eMq8s,–ü–ï–†–ï–ì–û–í–û–†–´ –ú–ï–ñ–î–£ –£–ö–†–ê–ò–ù–û–ô –ò –†–û–°–°–ò–ï–ô –£–ñ–ï –ù–ê–ß–ê–õ–ò–°–¨!,"Feb 5, 2025",61,2,0.0069,0,,72,0
yuz37fJ6ubc,"–ï–Å –ñ–ò–ó–ù–¨ –ü–û–õ–ù–û–°–¢–¨–Æ –ò–ó–ú–ï–ù–ò–õ–ê–°–¨ü§Ø –ß–∞—Å—Ç—å 1, –ü—Ä–æ–¥—É?","Aug 26, 2024",61,2,0.0018,0,0,28,0
0k3j2FwYNBg,–†–µ–∞–ª—å–Ω–∞—è –∏—Å—Ç–æ—Ä–∏—è –î–µ–≤—É—à–∫–∏ü§Ø,"Jan 28, 2025",63,1,0.002,0,,32,0
520HWw_vSSg,–í–æ—Ç —ç—Ç–æ –¥–∞ü§Ø –ü—Ä–æ–¥—É?,"Sep 2, 2024",60,1,0.0001,0,,28,0
6WizivFEiPA,"–¢–µ–ª–µ–≥–∞ –≤ –®–∞–ø–∫–µ –ø—Ä–æ—Ñ–∏–ª—è, –µ—Å–ª–∏ –±—ã–ª–æ –∏–Ω—Ç–µ—Ä–µ—Å–Ω–æ!","Aug 28, 2024",52,1,0.0126,0,0,20,5
86bQfdinIBk,–¢–ê–ö –í–´–ì–õ–Ø–î–ï–õ–ò –ú–£–ñ–ß–ò–ù–´ –ó–ê –ü–û–°–õ–ï–î–ù–ò–ï 100 –õ–ï–¢ü§Ø,"Sep 10, 2024",59,1,0.0015,0,0,31,0
AW4dY-KNuJ8,–ù–µ–≤–µ—Ä–æ—è—Ç–Ω–∞—è –º–æ—Ç–∏–≤–∞—Ü–∏—èü§Ø,"Aug 29, 2023",26,1,0.0001,0,,6,0
COUTXZd4IXA,–ï–≥–æ –ø–æ—Å–∞–¥–∏–ª–∏ –≤ –¢—é—Ä—å–º—É –≤ üá∞üáµ –ü—Ä–æ–¥–æ–ª–∂–µ–Ω–∏–µ –Ω–∞ 3 —Ç—ã—Å—è—á–∏ –ø–æ–¥–ø–∏—Å—á–∏–∫–æ–≤ü§Ø,"Aug 30, 2024",61,1,0.0003,0,,21,0
DPzk-hC18NI,–ú–û–ô –û–¢–í–ï–¢ –ù–ê –ò–ù–¢–ï–†–í–¨–Æ –ë–ê–ë–ò–ß–ê TatarkaFM,"Sep 13, 2024",40,1,0.0002,0,,27,0
Gtx9KwrKD9U,–ü–æ–¥–ø–∏—Å—ã–≤–∞–π—Å—è –Ω–∞ –º–æ–π #shorts,"Aug 8, 2022",13,1,0.0017,0,,10,0
H2AetWdeDmE,–ú–û–ô –û–¢–í–ï–¢ –ù–ê –ò–ù–¢–ï–†–í–¨–Æ –ë–ê–ë–ò–ß–ê,"Sep 20, 2024",56,1,0.0043,0,,28,0
PrzEfgv12U0,–ú—ã—Å–ª–∏ –Ω–∞ —ç—Ç–æ—Ç —Å—á–µ—Ç?ü§Ø,"Aug 30, 2024",59,1,0.0003,0,,19,0
RN8udfI2t5k,–≠—Ç–æ –±—ã–ª–æ –∫—Ä—É—Ç–æ #shorts,"Aug 8, 2022",37,1,0.0006,0,,10,0
TOakQXHD0Lo,–≠—Ç–∞ –¥–µ–≤–æ—á–∫–∞ –±–µ—Ä–µ–º–µ–Ω–Ω–∞ü§Ø –ü—Ä–æ–¥—É?,"Sep 2, 2024",60,1,0.0155,0,0,27,0
ZN6Qzy69Pfo,–î–µ–ª–∞—Ç—å –ø—Ä–æ–¥–æ–ª–∂–µ–Ω–∏–µ —ç—Ç–æ–π –∏—Å—Ç–æ—Ä–∏–∏?,"Sep 7, 2024",60,1,0.0013,0,,31,0
_ed1056UnOE,–ò–ù–¢–ï–†–ï–°–ù–ê–Ø –ò–°–¢–û–†–ò–Øü§Ø,"Jan 24, 2024",61,1,0,0,,15,0
aFHbmv6hqSg,–ú–û–ô –û–¢–í–ï–¢ –ù–ê –ò–ù–¢–ï–†–í–¨–Æ –ë–ê–ë–ò–ß–ê TATARKAFM,"Sep 13, 2024",42,1,0.0012,0,,27,0
ghSrIYBVx3M,–î–µ—Ç—Å—Ç–≤–æ #shorts,"Aug 8, 2022",7,1,0.0004,0,,8,0
gjKBNKbwQjo,–†–∞–∑–æ–±–ª–∞—á–µ–Ω–∏–µ Dream Team,"Aug 22, 2023",29,1,0.0011,0,,9,0
gqUYt_ZPqsw,–ü–†–û–í–ï–†–¨ –ù–ê–°–ö–û–õ–¨–ö–û –¢–í–û–ò –ì–õ–ê–ó–ê –ó–î–û–†–û–í–´ü§Ø,"Aug 26, 2024",59,1,0.001,0,,24,0
k82YYBvxPhc,–°–ü–û–†–ò–ú? - –≠–¢–û –í–ò–î–ï–û –ü–†–û –î–ò–°–¶–ò–ü–õ–ò–ù–£ –£–ë–¨–ï–¢ –¢–í–û–Æ –õ–ï–ù–¨!,"Aug 29, 2023",490,1,0.136,0,0.001,100,1
kZVHCclhDeE,–ù–û–í–´–ï –ü–û–î–†–û–ë–ù–û–°–¢–ò –í –°–ò–¢–£–ê–¶–ò–ò –° –ü–ò–î–ò–î–ò,"Sep 27, 2024",60,1,0.0156,,,29,0
lWSPpwHan4k,–í–æ—Ç —ç—Ç–æ —É–ºü§Ø,"Sep 23, 2024",60,1,0.0022,0,,28,0
o9SMvQnWX7E,–ß–¢–û –ü–†–û–ò–°–•–û–î–ò–¢ –° –ü–ò–î–ò–î–ò?,"Sep 27, 2024",60,1,0.0007,,,29,0
pS7JjrU7Zxo,–õ–ï–ì–ï–ù–î–ê #shorts,"Aug 8, 2022",25,1,0.0003,0,,7,0
pwGgqEzOZ1Y,–ú–û–ô –û–¢–í–ï–¢ –ù–ê –ò–ù–¢–ï–†–í–¨–Æ –ë–ê–ë–ò–ß–ê TatarkaFM,"Sep 13, 2024",44,1,0.0009,0,,29,0
qdFjiMcsbek,–ö–ê–ö –ü–û–ë–û–†–û–¢–¨ –õ–ï–ù–¨ü§Ø,"Aug 29, 2023",27,1,0.0003,0,,6,0
wh7yIkUgDAE,–†–∞–∑–æ–±–ª–∞—á–µ–Ω–∏–µ Dream Team,"Aug 22, 2023",31,1,0.0001,0,,21,0
y7nCRjhtxAs,–í–ê–ñ–ù–´–ï –°–õ–û–í–ê –î–õ–Ø –ú–û–õ–û–î–ï–ñ–òüî•,"Sep 7, 2023",33,1,0.0015,0,,13,0
yCX28BTQIeo,–ú–û–ô –û–¢–í–ï–¢ –ë–ê–ë–ò–ß–£,"Sep 19, 2024",51,1,0.0002,0,,27,0
7Tb5164t2KA,–í–æ—Ç —ç—Ç–æ –¥–∞ü§Ø,"Sep 4, 2024",61,0,0,0,,24,0
8H3qieLftPY,–ü—Ä–æ–¥—É?üî•,"Aug 24, 2024",61,0,0,0,,16,0
Rdqqo2RI-rk,–ü–†–û–î–£?ü§Ø,"Sep 24, 2024",56,0,0,0,,28,0
 -YIpSFnxdho,–í–ê–ñ–ù–´–ï –°–õ–û–í–ê –î–õ–Ø –ú–û–õ–û–î–ï–ñ–òüî•,"Sep 7, 2023",23,,,,,6,0
 -esjZhwO1jM,–ú–û–©–ù–û –û–ë –û–¢–ù–û–®–ï–ù–ò–Ø–•üî•,"Sep 3, 2023",30,,,,,6,0
0ChrEuF0YkQ,–ë–õ–û–ì–ï–† –û –ú–û–¢–ò–í–ê–¶–ò–òüî•,"Aug 29, 2023",29,,,,,7,0
0bcusPCVEgY,–û–ù–ê –ù–ï –û–ñ–ò–î–ê–õ–ê –ö–û–ì–û –û–ù–ê –í–´–†–ê–°–¢–ò–¢ü§Ø,"Sep 3, 2024",60,,,,,22,0
1Wv8ETLuFdo,–ú–û–©–ù–û –û–ë –û–¢–ù–û–®–ï–ù–ò–Ø–•üî•,"Sep 3, 2023",45,,,,,6,0
1vydknUyMN4,–ü–ê–í–ï–õ –î–£–†–û–í –ó–ê–î–ï–†–ñ–ê–ù –í–û –§–†–ê–ù–¶–ò–òü§Ø,"Aug 24, 2024",59,,,,,15,0
2iFzue63-w4,–ë–ª–æ–≥–µ—Ä –æ —Ä–∞–±–æ—Ç–µüî•,"Aug 29, 2023",31,,,,,15,0
3TvDQjcSBms,–û–ù –í–ó–û–†–í–ê–õ –ò–ù–¢–ï–†–ù–ï–¢ü§Ø,"Sep 19, 2024",51,,,,,28,0
7050icMUcHI,–≠–¢–ê –ú–û–¢–ò–í–ê–¶–ò–Ø –ü–†–û–°–¢–û üî•,"Aug 29, 2023",28,,,,,6,0
7V1Pm5Czyvs,–û –ú–û–¢–ò–í–ê–¶–ò–òüî•,"Aug 29, 2023",31,,,,,6,0
CMZXsTE_yPo,–í–ê–ñ–ù–´–ï –°–õ–û–í–ê –î–õ–Ø –ú–û–õ–û–î–Å–ñ–òüî•,"Sep 7, 2023",27,,,,,9,0
Ck9NjsDsPvk,–ú–û–©–ù–û –û–ë –û–¢–ù–û–®–ï–ù–ò–Ø–•üî•,"Sep 2, 2023",25,,,,,6,0
Cv5h9t05Mw0,–í–ê–ñ–ù–´–ï –°–õ–û–í–ê –î–õ–Ø –ú–û–õ–û–î–ï–ñ–òüî•,"Sep 7, 2023",20,,,,,8,0
D5-ySe6gaOg,–•–£–î–®–ò–ï –ì–û–î–´ –î–õ–Ø –ñ–ò–ó–ù–òü§Ø,"Sep 9, 2024",60,,,,,28,0
G5OOr3PRjpM,–í–ê–ñ–ù–´–ï –°–õ–û–í–ê –î–õ–Ø –ú–û–õ–û–î–ï–ñ–òüî•,"Sep 7, 2023",30,,,,,17,0
I5SSYhK7zm8,–ú–û–©–ù–û –û–ë –û–¢–ù–û–®–ï–ù–ò–Ø–•üî•,"Sep 2, 2023",30,,,,,6,0
Jzstci2w2lE,–ú–û–ô –û–¢–í–ï–¢ –ù–ê –ò–ù–¢–ï–†–í–¨–Æ –ë–ê–ë–ò–ß–ê –¢–ê–¢–ê–†–ö–ê–§–ú,"Sep 13, 2024",33,,,,,29,0
KRdxzS1AyXo,–ö–ê–ö –í–õ–Æ–ë–ò–¢–¨ –í –°–ï–ë–Ø –î–ï–í–£–®–ö–£? 5 –ü–†–û–°–¢–´–• –°–û–í–ï–¢–û–í,"Sep 2, 2023",459,,,,,98,0
MNEivqkOY0U,–ú–û–©–ù–û –û–ë –û–¢–ù–û–®–ï–ù–ò–Ø–•üî•,"Sep 3, 2023",32,,,,,6,0
NHEidb8DYnw,–ú–û–©–ù–û –û–ë –û–¢–ù–û–®–ï–ù–ò–Ø–•üî•,"Sep 2, 2023",29,,,,,6,0
Nsy5yTvNY7o,–í–ê–ñ–ù–´–ï –°–õ–û–í–ê –î–õ–Ø –ú–û–õ–û–î–ï–ñ–òüî•,"Sep 7, 2023",34,,,,,8,0
RjSRriam74E,–ú–û–ô –û–¢–í–ï–¢ –ù–ê –ò–ù–¢–ï–†–í–¨–Æ –ë–ê–ë–ò–ß–ê TatarkaFM,"Sep 13, 2024",49,,,,,28,0
TViCPPl0yzo,–í–ê–ñ–ù–´–ï –°–õ–û–í–ê –î–õ–Ø –ú–û–õ–û–î–Å–ñ–òüî•,"Sep 7, 2023",33,,,,,8,0
TbFOtxq_pGU,–ú–û–©–ù–û –û–ë –û–¢–ù–û–®–ï–ù–ò–Ø–•üî•,"Sep 2, 2023",16,,,,,6,0
USxYn3_7F_Y,–í–ê–ñ–ù–´–ï –°–õ–û–í–ê –î–õ–Ø –ú–û–õ–û–î–ï–ñ–òüî•,"Sep 7, 2023",28,,,,,8,0
ZbyNiKcIr-Y,–ú–û–ô –û–¢–í–ï–¢ –ë–ê–ë–ò–ß–£ –ù–ê –ï–ì–û –ò–ù–¢–ï–†–í–¨–Æ,"Sep 19, 2024",60,,,,,27,0
_pn35Fi9j1Q,–í–ê–ñ–ù–´–ï –°–õ–û–í–ê –î–õ–Ø –ú–û–õ–û–î–ï–ñ–òüî•,"Sep 7, 2023",31,,,,,10,0
alqhC9F8AWY,–í–ê–ñ–ù–´–ï –°–õ–û–í–ê –î–õ–Ø –ú–û–õ–û–î–ï–ñ–òüî•,"Sep 7, 2023",32,,,,,7,0
d25hSZgvh3w,–ë–õ–û–ì–ï–† –û –ú–û–¢–ò–í–ê–¶–ò–òüî•üî•,"Aug 29, 2023",31,,,,,6,0
dt1cOAJWO7w,–≠–¢–ò –ë–õ–ò–ó–ù–ï–¶–´ –û–¢–ö–ê–ó–ê–õ–ò–°–¨ –û–¢ –†–ê–ó–î–ï–õ–ï–ù–ò–Øü§Ø,"Sep 3, 2024",60,,,,,25,0
eGaMkGE4e7E,–í–ê–ñ–ù–´–ï –°–õ–û–í–ê –î–õ–Ø –ú–û–õ–û–î–ï–ñ–òüî•,"Sep 7, 2023",25,,,,,8,0
eay4mr3SQ5k,–ë–õ–û–ì–ï–† –û –ú–û–¢–ò–í–ê–¶–ò–òüî•,"Aug 29, 2023",21,,,,,7,0
hQCGMTkFiRE,–ü–ê–†–ï–ù–¨ –ü–†–û–°–¢–û –ö–†–ê–°–ê–í–ß–ò–ö,"Jan 24, 2024",32,,,,,17,0
hteMlpVAd4c,–í–ê–ñ–ù–´–ï –°–õ–û–í–ê –î–õ–Ø –ú–û–õ–û–î–Å–ñ–òüî•,"Sep 7, 2023",24,,,,,13,0
lY0WuvsBsec,–í–ê–ñ–ù–´–ï –°–õ–û–í–ê –î–õ–Ø –ú–û–õ–û–î–Å–ñ–òüî•,"Sep 7, 2023",21,,,,,9,0
nJpAaOhZn_A,–ë–õ–û–ì–ï–† –û –ú–û–¢–ò–í–ê–¶–ò–òüî•üî•,"Aug 29, 2023",31,,,,,6,0
qzYvGFcoD4w,–í–ê–ñ–ù–´–ï –°–õ–û–í–ê –î–õ–Ø –ú–û–õ–û–î–Å–ñ–òüî•,"Sep 7, 2023",33,,,,,11,0
uIzWj1jIH5s,–ë–õ–û–ì–ï–† –û –ú–û–¢–ò–í–ê–¶–ò–òüî•,"Aug 29, 2023",34,,,,,12,0
vTuTvLQfy-c,–ú–û–ô –û–¢–í–ï–¢ –ù–ê –ò–ù–¢–ï–†–í–¨–Æ –ë–ê–ë–ò–ß–ê TatarkaFM,"Sep 13, 2024",46,,,,,28,0
vYHNeO2NrnM,–ú–û–©–ù–û –û–ë –û–¢–ù–û–®–ï–ù–ò–Ø–•üî•,"Sep 3, 2023",32,,,,,6,0
w7ZVCcUcsqM,–ú–û–©–ù–û –û–ë –û–¢–ù–û–®–ï–ù–ò–Ø–•üî•,"Sep 2, 2023",32,,,,,6,0
wDtZdSUC530,–ú–û–©–ù–û –û–ë –û–¢–ù–û–®–ï–ù–ò–Ø–•üî•,"Sep 2, 2023",32,,,,,6,0
yNxUtGTq_Ww,–í–ê–ñ–ù–´–ï –°–õ–û–í–ê –î–õ–Ø –ú–û–õ–û–î–ï–ñ–òüî•,"Sep 7, 2023",33,,,,,7,0
yabJeAgaF1M,–ú–û–ô –û–¢–í–ï–¢ –ù–ê –ò–ù–¢–ï–†–í–¨–Æ!,"Sep 12, 2024",28,,,,,29,0
